{
  "model_type": "fundamental",
  "overall_roi": 0.001395722467227424,
  "hit_rate": 0.5348303138555754,
  "n_bets": 3919,
  "max_drawdown": 3.1726996312435984,
  "edge_threshold": 0.04,
  "use_kelly": true,
  "staking_method": "Half-Kelly",
  "bootstrap_roi_ci_lower": -0.0003367531897739487,
  "bootstrap_roi_ci_upper": 0.003325604035625115,
  "bootstrap_roi_mean": 0.0013744082821661513,
  "bootstrap_roi_std": 0.0010072212833116777
}