{
  "model_type": "fundamental",
  "overall_roi": 0.016232997026830443,
  "hit_rate": 0.5935219877736146,
  "n_bets": 20284,
  "max_drawdown": 4.889684639503116,
  "edge_threshold": 0.04,
  "use_kelly": true,
  "staking_method": "Half-Kelly",
  "mean_clv": 0.14983693887020066,
  "sharpe": 2.8636013339548625,
  "cagr": 0.11601529471005856,
  "turnover": 15.28203589108911,
  "bootstrap_roi_ci_lower": 0.014976170808573459,
  "bootstrap_roi_ci_upper": 0.017454748714587767,
  "bootstrap_roi_mean": 0.01621576166386746,
  "bootstrap_roi_std": 0.0006755272462505525
}