{
  "model_type": "market",
  "overall_roi": 0.09754096637124643,
  "hit_rate": 0.6318407960199005,
  "n_bets": 15276,
  "max_drawdown": 4.322666296895039,
  "edge_threshold": 0.04,
  "use_kelly": true,
  "staking_method": "Half-Kelly",
  "mean_clv": 0.213058608212723,
  "sharpe": 2.9599348434157084,
  "cagr": 0.23146240037041155,
  "turnover": 11.497133731712342,
  "bootstrap_roi_ci_lower": 0.09616721706347188,
  "bootstrap_roi_ci_upper": 0.09911327440001064,
  "bootstrap_roi_mean": 0.09756032999208684,
  "bootstrap_roi_std": 0.0007610584660751838
}