{
  "model_type": "fundamental",
  "overall_roi": 0.01623299763093732,
  "hit_rate": 0.5935219877736146,
  "n_bets": 20284,
  "max_drawdown": 4.889684521611684,
  "edge_threshold": 0.04,
  "use_kelly": true,
  "staking_method": "Half-Kelly",
  "mean_clv": 0.14983693887020066,
  "sharpe": 2.863601361405492,
  "cagr": 0.1160152971101871,
  "turnover": 15.28203589108911,
  "bootstrap_roi_ci_lower": 0.015046868600669493,
  "bootstrap_roi_ci_upper": 0.017534286820658128,
  "bootstrap_roi_mean": 0.016260463467459765,
  "bootstrap_roi_std": 0.0006675876561651198
}