{
  "model_type": "market",
  "overall_roi": 0.09754096664214068,
  "hit_rate": 0.6318407960199005,
  "n_bets": 15276,
  "max_drawdown": 4.322666354564838,
  "edge_threshold": 0.04,
  "use_kelly": true,
  "staking_method": "Half-Kelly",
  "mean_clv": 0.213058608212723,
  "sharpe": 2.9599348558288034,
  "cagr": 0.23146240061162615,
  "turnover": 11.497133731712342,
  "bootstrap_roi_ci_lower": 0.09622428755538287,
  "bootstrap_roi_ci_upper": 0.09891333122771555,
  "bootstrap_roi_mean": 0.09752497781853543,
  "bootstrap_roi_std": 0.000702868245656385
}